{
  "project_info": {
    "project_number": "696580990946",
    "project_id": "workoutapp-e2789",
    "storage_bucket": "workoutapp-e2789.appspot.com"
  },
  "client": [
    {
      "client_info": {
        "mobilesdk_app_id": "1:696580990946:android:6f7b8c99d414ba341cbbbb",
        "android_client_info": {
          "package_name": "com.example.workoutcollector"
        }
      },
      "oauth_client": [],
      "api_key": [
        {
          "current_key": "AIzaSyB04gXLtgkw298qkaDFxA6I7PEYQFvHQI0"
        }
      ],
      "services": {
        "appinvite_service": {
          "other_platform_oauth_client": []
        }
      }
    }
  ],
  "configuration_version": "1"
}